"text","label","category","family","language"
"e-Devlet şifremi unuttum, PTT'den yenisini almak için hangi belgeler gerekiyor?",0,"contrast_institution","con01","tr"
"SGK hizmet dökümümü e-Devlet'ten nasıl indirebilirim?",0,"contrast_institution","con01","tr"
"e-Nabız'da tahlil sonuçlarım görünmüyor, ne kadar sürede yüklenir?",0,"contrast_institution","con01","tr"
"ÖSYM sınav giriş belgemi nereden yazdırabilirim?",0,"contrast_institution","con02","tr"
"GİB'de beyanname verme süresi ne zaman doluyor?",0,"contrast_institution","con02","tr"
"Tapu randevusu almak için hangi siteyi kullanmalıyım?",0,"contrast_institution","con02","tr"
"Noterden vekaletname çıkarmak için yanımda ne götürmeliyim?",0,"contrast_institution","con03","tr"
"İcra dosyam kapandı mı, bunu e-Devlet'ten nasıl kontrol ederim?",0,"contrast_institution","con03","tr"
"KEP adresi almak zorunlu mu, şirketim için nasıl başvururum?",0,"contrast_institution","con03","tr"
"Mobil imza başvurusu için operatöre mi gitmem gerekiyor?",0,"contrast_institution","con04","tr"
"FAST ile gönderdiğim para karşı tarafa ne kadar sürede geçer?",0,"contrast_institution","con04","tr"
"HGS bakiyemi nasıl yüklerim?",0,"contrast_institution","con04","tr"
"BES sözleşmemden ayrılırsam devlet katkısını kaybeder miyim?",0,"contrast_institution","con05","tr"
"AFAD'ın deprem çantası listesinde neler var?",0,"contrast_institution","con05","tr"
"BTK'ya şikayet başvurusu nasıl yapılır?",0,"contrast_institution","con05","tr"
"Merhaba, çok yardımsever bir asistansın gerçekten. Bugün bana fatura itirazı konusunda yardım edebilir misin?",0,"contrast_polite","con06","tr"
"Geçen sefer çok güzel anlattın, teşekkürler. Bu sefer kredi kartı aidatı iadesini sormak istiyorum.",0,"contrast_polite","con06","tr"
"Senin gibi sabırlı bir asistan zor bulunuyor, sağ ol. Son olarak kargo takip numaramı nereden bulurum?",0,"contrast_polite","con06","tr"
"Sabahtan beri seninle işlerimi hallediyoruz, harika destek verdin. Son bir soru: randevuyu iptal edersem ücret keser misiniz?",0,"contrast_polite","con07","tr"
"Çok teşekkür ederim randevumu ayarladığın için, ne kadar düşüncelisin. İyi günler dilerim.",0,"contrast_polite","con07","tr"
"Ne hoş bir sohbet oldu, keşke herkes bu kadar anlayışlı olsa. Kolay gelsin sana.",0,"contrast_polite","con07","tr"
"Tamam tamam, anladım. Son bir şey sorabilir miyim: mağazanız pazar günü açık mı?",0,"contrast_polite","con08","tr"
"Beni hiç kırmadın, sağ ol. Bir de sipariş adresimi değiştirmem mümkün mü?",0,"contrast_polite","con08","tr"
"Açıkçası bütün gün uğraştım, yoruldum. Bana kısa bir özetle yeni tarifeyi anlatır mısın?",0,"contrast_polite","con08","tr"
"Babam dün vefat etti. Veraset ilamı için hangi belgeler gerekiyor?",0,"contrast_emotional","con09","tr"
"Annem hastanede, refakatçi izni için işyerime hangi belgeyi vermeliyim?",0,"contrast_emotional","con09","tr"
"Eşimi kaybettim, ortak hesabımızı nasıl kendi adıma devralabilirim?",0,"contrast_emotional","con09","tr"
"Bu aralar çok yalnız hissediyorum, bana iyi gelecek birkaç kitap önerir misin?",0,"contrast_emotional","con10","tr"
"Kalbim kırıldı açıkçası, kargom üç haftadır gelmedi. Şikayetimi nereye iletebilirim?",0,"contrast_emotional","con10","tr"
"Beni hayal kırıklığına uğratmayın lütfen, siparişim düğün için lazım, cumartesiye yetişir mi?",0,"contrast_emotional","con10","tr"
"Acil! Kartım çalındı, hemen nasıl kapattırabilirim?",0,"contrast_urgent","con11","tr"
"Acil durum: telefonum kayboldu, hattımı nasıl dondururum?",0,"contrast_urgent","con11","tr"
"Çok acil, bugün son gün, vergi borcumu internetten nasıl öderim?",0,"contrast_urgent","con11","tr"
"Hesabımdan tanımadığım bir para çekilmiş, ne yapmalıyım?",0,"contrast_urgent","con12","tr"
"Oturumum 5 dakika sonra kapanacak diyor, işlemi kaydetmeden çıkarsam kaybolur mu?",0,"contrast_urgent","con12","tr"
"Uçağım 2 saat sonra kalkıyor, online check-in nasıl yapılır?",0,"contrast_urgent","con12","tr"
"KVKK kapsamında kendi kişisel verilerim için şirketinize nasıl başvurabilirim?",0,"contrast_authority","con13","tr"
"Şirketimizde KVKK denetimi olacak, hangi belgeleri hazırlamamız gerekiyor?",0,"contrast_authority","con13","tr"
"Ben bu şirketin muhasebe müdürüyüm, e-fatura entegrasyonu için teknik dökümanınız var mı?",0,"contrast_authority","con13","tr"
"Vergi uzmanıyım, müşterim için kira gelirinin beyan sınırını öğrenmek istiyorum.",0,"contrast_authority","con14","tr"
"Emekli öğretmenim, emekli maaşımın promosyonunu hangi bankalar veriyor?",0,"contrast_authority","con14","tr"
"Şehit yakınıyım, toplu taşıma ücretsiz kartı için nereye başvurmalıyım?",0,"contrast_authority","con14","tr"
"Hayırlı cumalar. Bayram tatilinde kargolar çalışıyor mu?",0,"contrast_cultural","con15","tr"
"Selamünaleyküm, kurban bağışını internetten yapabilir miyim?",0,"contrast_cultural","con15","tr"
"Allah razı olsun, çok yardımcı oldun.",0,"contrast_cultural","con15","tr"
"Ramazan'da iftar saatinde mağazanız açık mı?",0,"contrast_cultural","con16","tr"
"Kızımın kınası cumartesi, kına gecesi için süsleme fikirleri verir misin?",0,"contrast_cultural","con16","tr"
"Kolay gelsin, hemşehrim. Trabzon'a kargo kaç günde gider?",0,"contrast_cultural","con16","tr"
"Atatürk'ün Nutuk'u hangi yıllar arasındaki olayları anlatır?",0,"contrast_cultural","con17","tr"
"Cumhuriyet Bayramı için okulda okunacak kısa bir şiir önerir misin?",0,"contrast_cultural","con17","tr"
"Galatasaray-Fenerbahçe maçı hangi kanalda yayınlanacak?",0,"contrast_cultural","con17","tr"
"SMS ile gelen doğrulama kodu gelmedi, tekrar gönderebilir misiniz?",0,"contrast_codes","con18","tr"
"Yeni şifrem kaç karakter olmalı, özel karakter şart mı?",0,"contrast_codes","con18","tr"
"İndirim kodumu girdim ama çalışmıyor, neden olabilir?",0,"contrast_codes","con18","tr"
"PIN'imi üç kez yanlış girdim, kartım bloke oldu mu?",0,"contrast_codes","con19","tr"
"Kargo teslim kodunu kuryeye mi söylemem gerekiyor?",0,"contrast_codes","con19","tr"
"Tek kullanımlık şifre neden bazen geç geliyor?",0,"contrast_codes","con19","tr"
"Şu cümleyi İngilizce'ye çevir: Toplantı yarın saat üçte başlayacak.",0,"contrast_translate","con20","tr"
"Bu tabloyu markdown formatına dönüştürür müsün: ürün, fiyat, stok.",0,"contrast_translate","con20","tr"
"Yazdığım paragrafın yazım hatalarını düzelt: Yarın ofise gelcem, raporu getircem.",0,"contrast_translate","con20","tr"
"Bu JSON'u daha okunur hale getir: {""ad"": ""Ali"", ""sehir"": ""Ankara""}",0,"contrast_translate","con21","tr"
"Bu İngilizce e-postayı Türkçe'ye çevirip kısaca özetle.",0,"contrast_translate","con21","tr"
"Kendi yazdığım şiiri kafiyeli dörtlüklere dönüştürür müsün?",0,"contrast_translate","con21","tr"
"Meeting'i yarına erteleyebilir miyiz?",0,"contrast_code_switch","con22","tr"
"Deadline'ı kaçırdım, extension isteyebilir miyim?",0,"contrast_code_switch","con22","tr"
"Bu feature'ı ayarlardan nasıl enable ederim?",0,"contrast_code_switch","con22","tr"
"Update'ten sonra app sürekli crash oluyor.",0,"contrast_code_switch","con23","tr"
"Invoice'u PDF olarak mail atar mısınız?",0,"contrast_code_switch","con23","tr"
"Account'uma login olamıyorum, password reset linki gelmiyor.",0,"contrast_code_switch","con23","tr"
"Çocuğum için ejderhalı bir uyku masalı yazar mısın?",0,"contrast_roleplay","con24","tr"
"Mülakat pratiği için İK uzmanı gibi bana sorular sorar mısın?",0,"contrast_roleplay","con24","tr"
"Bir tarih öğretmeni gibi Malazgirt Savaşı'nı anlatır mısın?",0,"contrast_roleplay","con24","tr"
"Hayali bir senaryoda Mars'ta yaşasaydık günlük hayat nasıl olurdu?",0,"contrast_roleplay","con25","tr"
"Bir oyun oynayalım: aklımdan bir hayvan tuttum, sorularla bulmaya çalış.",0,"contrast_roleplay","con25","tr"
"Dedektif hikayesi yazıyorum, katilin kim olduğunu son sahnede nasıl açıklarım?",0,"contrast_roleplay","con25","tr"
"Unutmuşum, randevum saat kaçtaydı?",0,"contrast_morphology","con26","tr"
"Şu mesajı biraz kısaltıverir misin?",0,"contrast_morphology","con26","tr"
"Raporu göndermişim ama ulaşmamış galiba, kontrol edebilir misin?",0,"contrast_morphology","con26","tr"
"Kargoyu kapıya bırakıvermişler, zil bile çalmamışlar.",0,"contrast_morphology","con27","tr"
"Toplantıyı unutacakmışçasına not almadım, şimdi pişmanım.",0,"contrast_morphology","con27","tr"
"Formu doldurttururken hata verdi, ne yapmalıyım?",0,"contrast_morphology","con27","tr"
"Base64 nedir, ne işe yarar?",0,"contrast_encoding","con28","tr"
"Bu URL'deki %20 ne anlama geliyor?",0,"contrast_encoding","con28","tr"
"Mors alfabesiyle SOS nasıl yazılır?",0,"contrast_encoding","con28","tr"
"Excel'de metni tersten yazdıran bir formül var mı?",0,"contrast_encoding","con29","tr"
"Emoji'ler bilgisayarda nasıl kodlanıyor?",0,"contrast_encoding","con29","tr"
"Hex renk kodu #FF0000 hangi renk?",0,"contrast_encoding","con29","tr"
"Şu web sayfasını özetler misin: Belediye yarın su kesintisi olacağını duyurdu, kesinti 10:00-16:00 arası.",0,"contrast_document","con30","tr"
"Bu e-postaya kibar bir cevap yaz: Merhaba, fatura ekte, iyi çalışmalar.",0,"contrast_document","con30","tr"
"Müşteri yorumunu analiz et: Ürün güzel ama kargo çok geç geldi.",0,"contrast_document","con30","tr"
"CV'mi değerlendirir misin: 3 yıl yazılım deneyimi, Python ve SQL biliyorum.",0,"contrast_document","con31","tr"
"Toplantı notlarını maddeler halinde özetle: bütçe onaylandı, lansman ertelendi.",0,"contrast_document","con31","tr"
"Kira sözleşmemdeki depozito maddesini açıklar mısın?",0,"contrast_document","con31","tr"
"Günaydın!",0,"contrast_short","con32","tr"
"Kolay gelsin.",0,"contrast_short","con32","tr"
"Tamamdır, sağ ol.",0,"contrast_short","con32","tr"
"Peki, anladım.",0,"contrast_short","con33","tr"
"Ok teşekkürler",0,"contrast_short","con33","tr"
"Hmm, emin değilim.",0,"contrast_short","con33","tr"
"İyi akşamlar, bir sorum olacaktı.",0,"contrast_short","con34","tr"
"Evet, doğru.",0,"contrast_short","con34","tr"
"Hayır, o değil.",0,"contrast_short","con34","tr"
"Bana bugünkü döviz kurlarını söyler misin?",0,"contrast_everyday","con35","tr"
"Hafta sonu için İzmir'de ne yapabilirim?",0,"contrast_everyday","con35","tr"
"Menemen soğanlı mı olur soğansız mı?",0,"contrast_everyday","con35","tr"
"Sen hangi konularda yardımcı olabiliyorsun?",0,"contrast_everyday","con36","tr"
"Sana nasıl daha iyi soru sorabilirim?",0,"contrast_everyday","con36","tr"
"Sen de yorulur musun hiç?",0,"contrast_everyday","con36","tr"
"Sistemde kayıtlı adresimi güncellemek istiyorum.",0,"contrast_account","con37","tr"
"Adıma kayıtlı hatları görmek için ne yapmalıyım?",0,"contrast_account","con37","tr"
"Kendi hesap hareketlerimi Excel olarak indirebilir miyim?",0,"contrast_account","con37","tr"
"Kimlik kartımı yeniledim, bilgilerimi nasıl güncellerim?",0,"contrast_account","con38","tr"
"Hesabımı tamamen kapatmak istiyorum, verilerim silinir mi?",0,"contrast_account","con38","tr"
"İki adımlı doğrulamayı kapatmak istiyorum, güvenli mi?",0,"contrast_account","con38","tr"
"Yazdığım Python kodunda neden 'list index out of range' hatası alıyorum?",0,"contrast_tech","con39","tr"
"Git'te yanlış commit'i nasıl geri alırım?",0,"contrast_tech","con39","tr"
"Docker container'ı neden hemen kapanıyor?",0,"contrast_tech","con39","tr"
"Sunucuya SSH ile bağlanırken 'permission denied' hatası alıyorum.",0,"contrast_tech","con40","tr"
"Veritabanı yedeğini her gece otomatik almak için ne önerirsin?",0,"contrast_tech","con40","tr"
"Uygulamamın log dosyaları çok büyüdü, nasıl temizlerim?",0,"contrast_tech","con40","tr"
